time,thrust
1,0
2,0.045214286
3,0.090428571
4,0.135642857
5,0.180857143
6,0.226071429
7,0.271285714
8,0.3165
9,0.361714286
10,0.406928571
11,0.452142857
12,0.497357143
13,0.542571429
14,0.587785714
15,0.633
16,0.708
